--
-- Database
--

DROP DATABASE IF EXISTS `winsel`;
CREATE DATABASE `winsel`;
USE `winsel`;

--
-- Table structure for table `task_types`
--

DROP TABLE IF EXISTS `task_types`;
CREATE TABLE `task_types` (
  `id` bigint(20) unsigned NOT NULL AUTO_INCREMENT,
  `name` varchar(20) NOT NULL,
  PRIMARY KEY (`id`)
);

--
-- Dumping data for table `task_types`
--

INSERT INTO `task_types` VALUES (1,'work'),(2,'leisure');


--
-- Table structure for table `users`
--

CREATE TABLE `users` (
  `id` bigint(20) unsigned NOT NULL AUTO_INCREMENT,
  `name` varchar(255) NOT NULL,
  `email` varchar(255) NOT NULL,
  `email_verified_at` timestamp NULL DEFAULT NULL,
  `password` varchar(255) NOT NULL,
  `remember_token` varchar(100)  DEFAULT NULL,
  `created_at` timestamp NULL DEFAULT NULL,
  `updated_at` timestamp NULL DEFAULT NULL,
  PRIMARY KEY (`id`),
  UNIQUE KEY `users_email_unique` (`email`)
);

--
-- Dumping data for table `users`
--

INSERT INTO `users` VALUES (1,'winsel','winsel@gmail.com',NULL,'$2y$10$vojARobHSvoSr3ZmVoMD9OCOGeRJ2HZ7zmVBq7wKKdWHJsBsMeKEe',NULL,NULL,NULL);

--
-- Table structure for table `weather_tasks`
--

DROP TABLE IF EXISTS `weather_tasks`;
/*!40101 SET @saved_cs_client     = @@character_set_client */;
/*!50503 SET character_set_client = utf8mb4 */;
CREATE TABLE `weather_tasks` (
  `id` bigint(20) unsigned NOT NULL AUTO_INCREMENT,
  `weather` varchar(15) NOT NULL,
  PRIMARY KEY (`id`)
);

--
-- Dumping data for table `weather_tasks`
--

INSERT INTO `weather_tasks` VALUES (1,'Clear'),(2,'Thunderstorm'),(3,'Drizzle'),(4,'Rain'),(5,'Snow'),(6,'Atmosphere'),(7,'Clouds');

--
-- Table structure for table `tasks`
--

DROP TABLE IF EXISTS `tasks`;
CREATE TABLE `tasks` (
  `id` bigint(20) unsigned NOT NULL AUTO_INCREMENT,
  `user_id` bigint(20) unsigned NOT NULL,
  `start` timestamp NOT NULL,
  `duration` time NOT NULL,
  `task_type_id` bigint(20) unsigned NOT NULL,
  `description` varchar(150) NOT NULL,
  `weather_task_id` bigint(20) unsigned DEFAULT NULL,
  PRIMARY KEY (`id`),
  KEY `tasks_user_id_foreign` (`user_id`),
  KEY `tasks_task_type_id_foreign` (`task_type_id`),
  KEY `tasks_weather_task_id_foreign` (`weather_task_id`),
  CONSTRAINT `tasks_task_type_id_foreign` FOREIGN KEY (`task_type_id`) REFERENCES `task_types` (`id`),
  CONSTRAINT `tasks_user_id_foreign` FOREIGN KEY (`user_id`) REFERENCES `users` (`id`),
  CONSTRAINT `tasks_weather_task_id_foreign` FOREIGN KEY (`weather_task_id`) REFERENCES `weather_tasks` (`id`)
);

--
-- Dumping data for table `tasks`
--


INSERT INTO `tasks` VALUES (1,1,'2020-01-06 10:30:00','00:31:12',1,'This is a description.',1),(2,1,'2020-02-11 20:11:17','01:55:01',2,'This is a description.',7),(3,1,'2020-03-16 07:02:43','00:45:24',2,'This is a description.',1),(4,1,'2020-03-06 18:04:56','01:45:12',1,'This is a description.',2),(5,1,'2020-04-09 23:21:31','05:25:18',2,'This is a description.',NULL),(6,1,'2020-07-06 12:46:51','01:31:23',1,'This is a description.',NULL),(7,1,'2020-07-23 12:08:43','02:12:12',1,'This is a description.',6),(8,1,'2020-08-28 06:15:22','08:45:02',1,'This is a description.',2),(9,1,'2020-10-06 16:50:18','03:32:00',1,'This is a description.',3),(10,1,'2020-10-07 11:34:21','00:43:48',1,'This is a description.',NULL),(11,1,'2020-10-20 11:34:21','00:33:48',2,'This is a description.',1),(12,1,'2020-10-21 11:34:21','01:43:48',1,'This is a description.',1),(13,1,'2020-10-22 11:34:21','01:00:48',1,'This is a description.',1),(608,1,'2021-04-24 18:00:00','00:30:31',2,'DDD',4),(609,1,'2021-04-24 18:00:00','00:30:31',2,'DDD',4),(610,1,'2021-04-24 18:00:00','00:30:31',2,'DDD',4),(611,1,'2021-04-24 18:00:00','00:30:31',2,'DDD',4),(612,1,'2021-04-24 18:00:00','00:30:31',2,'DDD',4),(613,1,'2021-04-24 18:00:00','00:30:31',2,'DDD',4),(614,1,'2021-04-24 18:00:00','00:30:31',2,'DDD',4),(615,1,'2021-04-24 18:00:00','00:30:31',2,'DDD',4),(616,1,'2021-04-24 18:00:00','00:30:31',2,'DDD',4),(617,1,'2021-04-24 18:00:00','00:30:31',2,'DDD',4),(618,1,'2021-04-24 18:00:00','00:30:31',2,'DDD',4),(619,1,'2021-04-24 18:00:00','00:30:31',2,'DDD',4),(620,1,'2021-04-24 18:00:00','00:30:31',2,'DDD',4),(621,1,'2021-04-24 18:00:00','00:30:31',2,'DDD',4),(622,1,'2021-04-24 18:00:00','00:30:31',2,'DDD',4),(623,1,'2021-04-24 18:00:00','00:30:31',2,'DDD',4),(624,1,'2021-04-24 18:00:00','00:30:31',2,'DDD',4),(625,1,'2021-04-24 18:00:00','00:30:31',2,'DDD',4),(626,1,'2021-04-24 18:00:00','00:30:31',2,'DDD',4),(627,1,'2021-04-24 18:00:00','00:30:31',2,'DDD',4),(628,1,'2021-04-24 18:00:00','00:30:31',2,'DDD',4),(629,1,'2021-04-24 18:00:00','00:30:31',2,'DDD',4),(630,1,'2021-04-24 18:00:00','00:30:31',2,'DDD',4),(631,1,'2021-04-24 18:00:00','00:30:31',2,'DDD',4),(632,1,'2021-04-24 18:00:00','00:30:31',2,'DDD',4),(633,1,'2021-04-24 18:00:00','00:30:31',2,'DDD',4),(634,1,'2021-04-24 18:00:00','00:30:31',2,'DDD',4),(635,1,'2021-04-22 18:00:00','00:30:31',2,'DDD',7),(636,1,'2021-04-22 18:00:00','00:30:31',2,'DDD',7),(637,1,'2021-04-22 18:00:00','00:30:31',2,'DDD',7),(638,1,'2021-04-22 18:00:00','00:30:31',2,'DDD',7),(639,1,'2021-04-22 18:00:00','00:30:31',2,'DDD',7),(640,1,'2021-04-22 18:00:00','00:30:31',2,'DDD',7),(641,1,'2021-04-22 18:00:00','00:30:31',2,'DDD',7),(642,1,'2021-04-22 18:00:00','00:30:31',2,'DDD',7),(643,1,'2021-04-22 18:00:00','00:30:31',2,'DDD',7),(644,1,'2021-04-22 18:00:00','00:30:31',2,'DDD',7),(645,1,'2021-04-22 18:00:00','00:30:31',2,'DDD',7),(646,1,'2021-04-22 18:00:00','00:30:31',2,'DDD',7),(647,1,'2021-04-24 18:00:00','00:30:31',2,'DDD',4),(648,1,'2021-04-24 18:00:00','00:30:31',2,'DDD',4),(649,1,'2021-04-24 18:00:00','00:30:31',2,'DDD',4),(650,1,'2021-04-24 18:00:00','00:30:31',2,'DDD',4),(651,1,'2021-04-24 18:00:00','00:30:31',2,'DDD',4),(652,1,'2021-04-24 18:00:00','00:30:31',2,'DDD',4),(653,1,'2021-04-21 18:00:00','00:30:31',2,'DDD',4),(654,1,'2021-04-21 18:00:00','00:30:31',2,'DDD',4),(655,1,'2021-04-21 18:00:00','00:30:31',2,'DDD',4),(656,1,'2021-04-21 18:00:00','00:30:31',2,'DDD',4),(657,1,'2021-04-21 18:00:00','00:30:31',2,'DDD',4),(658,1,'2021-04-21 18:00:00','00:30:31',2,'DDD',4),(659,1,'2021-04-21 18:00:00','00:30:31',2,'DDD',4),(660,1,'2021-04-21 18:00:00','00:30:31',2,'DDD',4),(661,1,'2021-04-21 18:00:00','00:30:31',2,'DDD',4),(662,1,'2021-04-21 18:00:00','00:30:31',2,'DDD',4),(663,1,'2021-04-21 18:00:00','00:30:31',2,'DDD',4),(664,1,'2021-04-21 18:00:00','00:30:31',2,'DDD',4),(665,1,'2021-04-21 18:00:00','00:30:31',2,'DDD',4),(666,1,'2021-04-21 18:00:00','00:30:31',2,'DDD',4),(667,1,'2021-04-21 18:00:00','00:30:31',2,'DDD',4),(668,1,'2021-04-21 18:00:00','00:30:31',2,'DDD',4),(669,1,'2021-04-21 18:00:00','00:30:31',2,'DDD',4),(670,1,'2021-04-21 18:00:00','00:30:31',2,'DDD',4),(671,1,'2021-04-21 18:00:00','00:30:31',2,'DDD',4),(672,1,'2021-04-21 18:00:00','00:30:31',2,'DDD',4),(673,1,'2021-04-21 18:00:00','00:30:31',2,'DDD',4),(674,1,'2021-04-22 18:00:00','00:30:31',2,'DDD',7),(675,1,'2021-04-22 18:00:00','00:30:31',2,'DDD',7),(676,1,'2021-04-22 18:00:00','00:30:31',2,'DDD',7),(677,1,'2021-04-22 18:00:00','00:30:31',2,'DDD',7),(678,1,'2021-04-22 18:00:00','00:30:31',2,'DDD',7),(679,1,'2021-04-22 18:00:00','00:30:31',2,'DDD',7),(680,1,'2021-04-22 18:00:00','00:30:31',2,'DDD',7),(681,1,'2021-04-22 18:00:00','00:30:31',2,'DDD',7),(682,1,'2021-04-22 18:00:00','00:30:31',2,'DDD',7),(683,1,'2021-04-22 18:00:00','00:30:31',2,'DDD',7),(684,1,'2021-04-22 18:00:00','00:30:31',2,'DDD',7),(685,1,'2021-04-22 18:00:00','00:30:31',2,'DDD',7),(686,1,'2021-04-22 18:00:00','00:30:31',2,'DDD',7),(687,1,'2021-04-22 18:00:00','00:30:31',2,'DDD',7),(688,1,'2021-04-22 18:00:00','00:30:31',2,'DDD',7),(689,1,'2021-04-22 18:00:00','00:30:31',2,'DDD',7),(690,1,'2021-04-22 18:00:00','00:30:31',2,'DDD',7),(691,1,'2021-04-22 18:00:00','00:30:31',2,'DDD',7),(692,1,'2021-04-22 18:00:00','00:30:31',2,'DDD',7),(693,1,'2021-04-22 18:00:00','00:30:31',2,'DDD',7),(694,1,'2021-04-22 18:00:00','00:30:31',2,'DDD',7),(695,1,'2021-04-22 18:00:00','00:30:31',2,'DDD',7),(696,1,'2021-04-22 18:00:00','00:30:31',2,'DDD',7),(697,1,'2021-04-22 18:00:00','00:30:31',2,'DDD',7),(698,1,'2021-04-22 18:00:00','00:30:31',2,'DDD',7),(699,1,'2021-04-22 18:00:00','00:30:31',2,'DDD',7),(700,1,'2021-04-22 18:00:00','00:30:31',2,'DDD',7),(701,1,'2021-04-22 18:00:00','00:30:31',2,'DDD',7),(702,1,'2021-04-22 18:00:00','00:30:31',2,'DDD',7),(703,1,'2021-04-22 18:00:00','00:30:31',2,'DDD',7),(704,1,'2021-04-22 18:00:00','00:30:31',2,'DDD',7),(705,1,'2021-04-22 18:00:00','00:30:31',2,'DDD',7),(706,1,'2021-04-22 18:00:00','00:30:31',2,'DDD',7),(707,1,'2021-04-22 18:00:00','00:30:31',2,'DDD',7),(708,1,'2021-04-22 18:00:00','00:30:31',2,'DDD',7),(709,1,'2021-04-22 18:00:00','00:30:31',2,'DDD',7),(710,1,'2021-04-22 18:00:00','00:30:31',2,'DDD',7),(711,1,'2021-04-22 18:00:00','00:30:31',2,'DDD',7),(712,1,'2021-04-22 18:00:00','00:30:31',2,'DDD',7),(713,1,'2021-04-22 18:00:00','00:30:31',2,'DDD',7),(714,1,'2021-04-22 18:00:00','00:30:31',2,'DDD',7),(715,1,'2021-04-22 18:00:00','00:30:31',2,'DDD',7),(716,1,'2021-04-22 18:00:00','00:30:31',2,'DDD',7),(717,1,'2021-04-22 18:00:00','00:30:31',2,'DDD',7),(718,1,'2021-04-22 18:00:00','00:30:31',2,'DDD',7),(719,1,'2021-04-22 18:00:00','00:30:31',2,'DDD',7),(720,1,'2021-04-22 18:00:00','00:30:31',2,'DDD',7),(721,1,'2021-04-22 18:00:00','00:30:31',2,'DDD',7),(722,1,'2021-04-22 18:00:00','00:30:31',2,'DDD',7),(723,1,'2021-04-22 18:00:00','00:30:31',2,'DDD',7),(724,1,'2021-04-22 18:00:00','00:30:31',2,'DDD',7),(725,1,'2021-04-22 18:00:00','00:30:31',2,'DDD',7),(726,1,'2021-04-22 18:00:00','00:30:31',2,'DDD',7),(727,1,'2021-04-22 18:00:00','00:30:31',2,'DDD',7),(728,1,'2021-04-22 18:00:00','00:30:31',2,'DDD',7),(729,1,'2021-04-22 18:00:00','00:30:31',2,'DDD',7),(730,1,'2021-04-22 18:00:00','00:30:31',2,'DDD',7),(731,1,'2021-04-22 18:00:00','00:30:31',2,'DDD',7),(732,1,'2021-04-22 18:00:00','00:30:31',2,'DDD',7),(733,1,'2021-04-22 18:00:00','00:30:31',2,'DDD',7),(734,1,'2021-04-22 18:00:00','00:30:31',2,'DDD',7),(735,1,'2021-04-22 18:00:00','00:30:31',2,'DDD',7),(736,1,'2021-04-22 18:00:00','00:30:31',2,'DDD',7),(737,1,'2021-04-22 18:00:00','00:30:31',2,'DDD',7),(738,1,'2021-04-22 18:00:00','00:30:31',2,'DDD',7),(739,1,'2021-04-22 18:00:00','00:30:31',2,'DDD',7),(740,1,'2021-04-22 18:00:00','00:30:31',2,'DDD',7),(741,1,'2021-04-22 18:00:00','00:30:31',2,'DDD',7),(742,1,'2021-04-22 18:00:00','00:30:31',2,'DDD',7),(743,1,'2021-04-22 18:00:00','00:30:31',2,'DDD',7),(744,1,'2021-04-22 18:00:00','00:30:31',2,'DDD',7),(745,1,'2021-04-22 18:00:00','00:30:31',2,'DDD',7),(746,1,'2021-04-22 18:00:00','00:30:31',2,'DDD',7),(747,1,'2021-04-22 18:00:00','00:30:31',2,'DDD',7),(748,1,'2021-04-22 18:00:00','00:30:31',2,'DDD',7),(749,1,'2021-04-22 18:00:00','00:30:31',2,'DDD',7),(750,1,'2021-04-22 18:00:00','00:30:31',2,'DDD',7),(751,1,'2021-04-22 18:00:00','00:30:31',2,'DDD',7),(752,1,'2021-04-22 18:00:00','00:30:31',2,'DDD',7),(753,1,'2021-04-22 18:00:00','00:30:31',2,'DDD',7),(754,1,'2021-04-22 18:00:00','00:30:31',2,'DDD',7),(755,1,'2021-04-22 18:00:00','00:30:31',2,'DDD',7),(756,1,'2021-04-22 18:00:00','00:30:31',2,'DDD',7),(757,1,'2021-04-22 18:00:00','00:30:31',2,'DDD',7),(758,1,'2021-04-22 18:00:00','00:30:31',2,'DDD',7),(759,1,'2021-04-22 18:00:00','00:30:31',2,'DDD',7),(760,1,'2021-04-22 18:00:00','00:30:31',2,'DDD',7),(761,1,'2021-04-22 18:00:00','00:30:31',2,'DDD',7),(762,1,'2021-04-22 18:00:00','00:30:31',2,'DDD',7),(763,1,'2021-04-22 18:00:00','00:30:31',2,'DDD',7),(764,1,'2021-04-22 18:00:00','00:30:31',2,'DDD',7),(765,1,'2021-04-22 18:00:00','00:30:31',2,'DDD',7),(766,1,'2021-04-22 18:00:00','00:30:31',2,'DDD',7),(767,1,'2021-04-22 18:00:00','00:30:31',2,'DDD',7),(768,1,'2021-04-22 18:00:00','00:30:31',2,'DDD',7),(769,1,'2021-04-22 18:00:00','00:30:31',2,'DDD',7),(770,1,'2021-04-22 18:00:00','00:30:31',2,'DDD',7),(771,1,'2021-04-22 18:00:00','00:30:31',2,'DDD',7),(772,1,'2021-04-22 18:00:00','00:30:31',2,'DDD',7),(773,1,'2021-04-22 18:00:00','00:30:31',2,'DDD',7),(774,1,'2021-04-22 18:00:00','00:30:31',2,'DDD',7),(775,1,'2021-04-22 18:00:00','00:30:31',2,'DDD',7),(776,1,'2021-04-22 18:00:00','00:30:31',2,'DDD',7),(777,1,'2021-04-22 18:00:00','00:30:31',2,'DDD',7),(778,1,'2021-04-22 18:00:00','00:30:31',2,'DDD',7),(779,1,'2021-04-22 18:00:00','00:30:31',2,'DDD',7),(780,1,'2021-04-22 18:00:00','00:30:31',2,'DDD',7),(781,1,'2021-04-22 18:00:00','00:30:31',2,'DDD',7),(782,1,'2021-04-22 18:00:00','00:30:31',2,'DDD',7),(783,1,'2021-04-22 18:00:00','00:30:31',2,'DDD',7),(784,1,'2021-04-22 18:00:00','00:30:31',2,'DDD',7),(785,1,'2021-04-22 18:00:00','00:30:31',2,'DDD',7),(786,1,'2021-04-22 18:00:00','00:30:31',2,'DDD',7),(787,1,'2021-04-22 18:00:00','00:30:31',2,'DDD',7),(788,1,'2021-04-22 18:00:00','00:30:31',2,'DDD',7),(789,1,'2021-04-22 18:00:00','00:30:31',2,'DDD',7),(790,1,'2021-04-22 18:00:00','00:30:31',2,'DDD',7),(791,1,'2021-04-22 18:00:00','00:30:31',2,'DDD',7),(792,1,'2021-04-22 18:00:00','00:30:31',2,'DDD',7),(793,1,'2021-04-22 18:00:00','00:30:31',2,'DDD',7),(794,1,'2021-04-22 18:00:00','00:30:31',2,'DDD',7),(795,1,'2021-04-22 18:00:00','00:30:31',2,'DDD',7),(796,1,'2021-04-22 18:00:00','00:30:31',2,'DDD',7),(797,1,'2021-04-22 18:00:00','00:30:31',2,'DDD',7),(798,1,'2021-04-22 18:00:00','00:30:31',2,'DDD',7),(799,1,'2021-04-22 18:00:00','00:30:31',2,'DDD',7),(800,1,'2021-04-22 18:00:00','00:30:31',2,'DDD',7),(801,1,'2021-04-22 18:00:00','00:30:31',2,'DDD',7),(802,1,'2021-04-22 18:00:00','00:30:31',2,'DDD',7),(803,1,'2021-04-22 18:00:00','00:30:31',2,'DDD',7),(804,1,'2021-04-22 18:00:00','00:30:31',2,'DDD',7),(805,1,'2021-04-22 18:00:00','00:30:31',2,'DDD',7),(806,1,'2021-04-22 18:00:00','00:30:31',2,'DDD',7),(807,1,'2021-04-22 18:00:00','00:30:31',2,'DDD',7),(808,1,'2021-04-22 18:00:00','00:30:31',2,'DDD',7),(809,1,'2021-04-22 18:00:00','00:30:31',2,'DDD',7),(810,1,'2021-04-26 18:00:00','00:30:31',2,'DDD',7),(811,1,'2021-04-26 18:00:00','00:30:31',2,'DDD',7),(812,1,'2021-04-26 18:00:00','00:30:31',2,'DDD',7),(813,1,'2021-04-26 18:00:00','00:30:31',2,'DDD',7),(814,1,'2021-04-26 18:00:00','00:30:31',2,'DDD',7),(815,1,'2021-04-26 18:00:00','00:30:31',2,'DDD',7),(816,1,'2021-04-26 18:00:00','00:30:31',2,'DDD',7),(817,1,'2021-04-26 18:00:00','00:30:31',2,'DDD',7),(818,1,'2021-04-26 18:00:00','00:30:31',2,'DDD',7),(819,1,'2021-04-26 18:00:00','00:30:31',2,'DDD',7),(820,1,'2021-04-26 18:00:00','00:30:31',2,'DDD',7),(821,1,'2021-04-26 18:00:00','00:30:31',2,'DDD',7),(822,1,'2021-04-26 18:00:00','00:30:31',2,'DDD',7),(823,1,'2021-04-26 18:00:00','00:30:31',2,'DDD',7),(824,1,'2021-04-26 18:00:00','00:30:31',2,'DDD',7),(825,1,'2021-04-26 18:00:00','00:30:31',2,'DDD',7),(826,1,'2021-04-26 18:00:00','00:30:31',2,'DDD',7),(827,1,'2021-04-26 18:00:00','00:30:31',2,'DDD',7),(828,1,'2021-04-26 18:00:00','00:30:31',2,'DDD',7),(829,1,'2021-04-26 18:00:00','00:30:31',2,'DDD',7),(830,1,'2021-04-26 18:00:00','00:30:31',2,'DDD',7),(831,1,'2021-04-26 18:00:00','00:30:31',2,'DDD',7),(832,1,'2021-04-26 18:00:00','00:30:31',2,'DDD',7),(833,1,'2021-04-26 18:00:00','00:30:31',2,'DDD',7),(834,1,'2021-04-26 18:00:00','00:30:31',2,'DDD',7),(835,1,'2021-04-26 18:00:00','00:30:31',2,'DDD',7),(836,1,'2021-04-26 18:00:00','00:30:31',2,'DDD',7),(837,1,'2021-04-26 18:00:00','00:30:31',2,'DDD',7),(838,1,'2021-04-26 18:00:00','00:30:31',2,'DDD',7),(839,1,'2021-04-26 18:00:00','00:30:31',2,'DDD',7),(840,1,'2021-04-26 18:00:00','00:30:31',2,'DDD',7),(841,1,'2021-04-26 18:00:00','00:30:31',2,'DDD',7),(842,1,'2021-04-26 18:00:00','00:30:31',2,'DDD',7),(843,1,'2021-04-26 18:00:00','00:30:31',2,'DDD',7),(844,1,'2021-04-26 18:00:00','00:30:31',2,'DDD',7),(845,1,'2021-04-26 18:00:00','00:30:31',2,'DDD',7),(846,1,'2021-04-26 18:00:00','00:30:31',2,'DDD',7),(847,1,'2021-04-26 18:00:00','00:30:31',2,'DDD',7),(848,1,'2021-04-26 18:00:00','00:30:31',2,'DDD',7),(849,1,'2021-04-26 18:00:00','00:30:31',2,'DDD',7),(850,1,'2021-04-26 18:00:00','00:30:31',2,'DDD',7),(851,1,'2021-04-26 18:00:00','00:30:31',2,'DDD',7),(852,1,'2021-04-26 18:00:00','00:30:31',2,'DDD',7),(853,1,'2021-04-26 18:00:00','00:30:31',2,'DDD',7),(854,1,'2021-04-26 18:00:00','00:30:31',2,'DDD',7),(855,1,'2021-04-26 18:00:00','00:30:31',2,'DDD',7),(856,1,'2021-04-26 18:00:00','00:30:31',2,'DDD',7),(857,1,'2021-04-28 20:00:00','01:30:31',2,'DDD',4),(858,1,'2021-04-28 20:00:00','01:30:31',2,'DDD',4),(859,1,'2021-04-28 20:00:00','01:30:31',2,'DDD',4),(860,1,'2021-04-28 20:00:00','01:30:31',2,'DDD',4),(861,1,'2021-04-28 20:00:00','01:30:31',2,'DDD',4),(862,1,'2021-04-28 20:00:00','01:30:31',2,'DDD',4),(863,1,'2021-04-28 20:00:00','01:30:31',2,'DDD',4),(864,1,'2021-04-28 20:00:00','01:30:31',2,'DDD',4),(865,1,'2021-04-28 20:00:00','01:30:31',2,'DDD',4),(866,1,'2021-04-28 20:00:00','01:30:31',2,'DDD',4),(867,1,'2021-04-28 20:00:00','01:30:31',2,'DDD',4),(868,1,'2021-04-28 20:00:00','01:30:31',2,'DDD',7),(869,1,'2021-04-28 20:00:00','01:30:31',2,'DDD',7),(870,1,'2021-04-28 20:00:00','01:30:31',2,'DDD',7),(871,1,'2021-04-28 20:00:00','01:30:31',2,'DDD',7),(872,1,'2021-04-28 20:00:00','01:30:31',2,'DDD',7),(873,1,'2021-04-28 20:00:00','01:30:31',2,'DDD',7);
